passenger_count,trip_distance,trip_duration_minutes,pickup_hour,pickup_dayofweek,PULocationID,DOLocationID,high_revenue_trip
1,3.7,17.15,0,5,140,202,0
1,1.03,6.716666666666667,0,5,234,161,0
1,1.57,7.95,0,5,161,234,0
1,9.48,25.333333333333332,0,5,138,90,1
1,1.8,7.633333333333334,0,5,90,231,0
1,5.11,12.666666666666666,0,5,138,226,1
2,0.99,5.533333333333333,23,4,234,79,0
1,0.47,2.966666666666667,0,5,114,144,0
1,1.33,6.8,0,5,158,125,0
1,4.71,13.266666666666667,0,5,87,148,1
1,0.93,4.316666666666666,0,5,162,107,0
2,0.6,4.2,0,5,249,113,0
2,1.1,4.333333333333333,0,5,43,143,0
1,2.31,10.516666666666667,0,5,263,170,0
1,2.25,9.6,0,5,144,170,0
1,1.4,9.116666666666667,0,5,113,264,0
1,0.52,4.983333333333333,0,5,140,141,0
1,4.11,21.25,0,5,234,255,0
1,1.9,9.083333333333334,0,5,142,238,0
1,0.5,2.2,0,5,142,230,0
1,1.6,5.933333333333334,0,5,142,162,0
1,6.0,25.416666666666668,0,5,230,223,1
2,5.76,21.15,0,5,238,226,1
2,13.37,39.93333333333333,0,5,170,10,1
1,0.5,2.15,0,5,263,237,0
1,1.4,4.916666666666667,0,5,237,162,0
1,1.9,3.5833333333333335,0,5,137,232,0
1,0.6,2.4833333333333334,0,5,170,162,0
3,2.84,11.35,0,5,249,48,0
1,0.88,3.2666666666666666,0,5,68,249,0
1,1.94,11.316666666666666,0,5,211,261,0
1,10.3,27.933333333333334,0,5,140,62,1
1,1.56,6.95,0,5,236,163,0
1,1.46,6.3,0,5,263,229,0
1,0.44,2.2666666666666666,0,5,233,170,0
4,2.81,16.116666666666667,0,5,249,48,0
1,1.36,9.316666666666666,0,5,229,230,0
1,4.9,18.566666666666666,0,5,144,263,1
2,1.45,6.45,0,5,234,113,0
2,12.77,25.8,0,5,138,88,1
1,2.18,9.366666666666667,0,5,230,239,0
1,2.18,9.366666666666667,0,5,230,239,0
1,1.04,6.95,0,5,162,163,0
1,0.78,4.716666666666667,0,5,163,48,0
3,9.53,17.25,0,5,138,17,1
1,1.89,12.083333333333334,0,5,68,50,0
1,1.0,7.583333333333333,0,5,230,48,0
1,1.2,7.666666666666667,0,5,144,211,0
1,3.72,14.716666666666667,0,5,234,75,0
1,3.72,14.716666666666667,0,5,234,236,0
1,16.51,34.266666666666666,0,5,132,132,1
1,1.9,8.8,0,5,230,239,0
1,6.43,27.5,0,5,164,152,1
1,1.73,12.916666666666666,0,5,237,141,0
2,2.1,7.133333333333334,0,5,237,163,0
2,1.6,7.283333333333333,0,5,230,162,0
1,5.58,17.283333333333335,0,5,141,211,1
1,2.3,10.266666666666667,0,5,161,113,0
1,2.1,13.116666666666667,0,5,68,162,0
1,2.8,11.133333333333333,0,5,141,90,0
1,3.15,19.816666666666666,0,5,249,50,0
1,1.1,6.7,0,5,100,230,0
1,1.29,5.1,0,5,186,249,0
1,6.7,9.183333333333334,0,5,138,80,1
1,2.05,6.983333333333333,0,5,79,162,0
1,12.21,40.81666666666667,0,5,234,14,1
1,14.4,29.316666666666666,0,5,79,200,1
1,4.0,18.933333333333334,0,5,148,40,1
1,2.68,11.333333333333334,0,5,48,114,0
2,2.44,11.25,0,5,233,143,0
1,1.39,5.133333333333334,0,5,43,162,0
1,1.7,9.15,0,5,68,230,0
1,1.6,7.5,0,5,162,234,0
1,3.21,16.383333333333333,0,5,186,141,0
1,2.67,9.85,0,5,162,262,0
1,0.81,3.283333333333333,0,5,249,90,0
2,3.67,11.816666666666666,0,5,249,141,0
2,2.36,12.316666666666666,0,5,141,186,0
2,1.87,6.066666666666666,0,5,114,170,0
1,1.8,10.616666666666667,0,5,163,234,0
1,1.65,8.516666666666667,0,5,140,233,0
1,3.78,8.816666666666666,0,5,87,137,0
1,10.26,17.9,0,5,138,162,1
1,2.36,10.033333333333333,0,5,90,163,0
1,0.46,3.7,0,5,79,114,0
1,2.67,9.7,0,5,97,148,0
3,2.5,10.85,0,5,246,161,0
1,0.87,6.633333333333334,23,4,237,236,0
1,1.57,8.866666666666667,0,5,237,161,0
1,2.57,14.016666666666667,0,5,162,239,0
1,4.37,20.716666666666665,0,5,163,197,0
2,9.54,24.183333333333334,0,5,87,24,1
1,3.06,16.866666666666667,0,5,142,75,0
1,4.42,17.833333333333332,0,5,142,7,1
1,1.6,9.85,0,5,114,164,0
1,11.37,25.0,0,5,68,220,1
1,1.0,7.816666666666666,0,5,231,148,0
1,0.68,5.083333333333333,0,5,148,45,0
1,0.96,5.533333333333333,0,5,144,249,0
1,4.96,19.766666666666666,0,5,249,239,1
1,2.06,8.783333333333333,0,5,162,79,0
1,4.48,18.383333333333333,0,5,249,238,1
1,20.6,40.016666666666666,0,5,132,243,1
2,1.46,5.833333333333333,0,5,229,164,0
1,1.52,7.583333333333333,0,5,230,143,0
1,1.9,8.15,0,5,68,161,0
1,1.15,5.7,0,5,230,68,0
3,1.1,5.8,0,5,230,50,0
1,0.71,4.966666666666667,0,5,170,137,0
1,0.66,4.233333333333333,0,5,79,7,0
1,1.61,8.55,0,5,107,231,0
1,1.1,8.633333333333333,0,5,234,137,0
2,8.3,38.11666666666667,0,5,230,189,1
1,4.21,13.216666666666667,0,5,162,88,0
1,2.44,11.5,0,5,249,261,0
1,1.61,9.083333333333334,0,5,125,79,0
1,2.1,11.616666666666667,0,5,230,239,0
1,2.34,14.55,0,5,140,48,0
1,1.33,3.9,0,5,114,100,0
2,4.53,13.716666666666667,0,5,132,197,1
1,2.38,10.3,0,5,162,263,0
1,1.14,5.35,0,5,144,231,0
1,4.48,19.216666666666665,0,5,79,263,1
4,0.59,4.083333333333333,0,5,264,148,0
1,1.42,10.583333333333334,0,5,148,33,0
1,1.5,7.016666666666667,0,5,113,170,0
1,1.7,11.233333333333333,0,5,161,143,0
1,9.61,33.05,0,5,234,89,1
1,2.1,8.9,0,5,164,237,0
1,3.4,14.583333333333334,0,5,79,163,0
1,0.58,2.783333333333333,0,5,238,151,0
1,1.2,6.25,0,5,164,68,0
1,3.5,15.8,0,5,230,144,0
1,2.24,11.016666666666667,0,5,162,246,0
1,5.49,21.583333333333332,0,5,90,112,1
1,0.85,4.95,0,5,230,50,0
1,2.0,7.616666666666666,0,5,249,261,0
2,1.9,10.8,0,5,148,87,0
1,1.71,11.5,0,5,158,211,0
1,2.6,12.466666666666667,0,5,239,41,0
2,9.18,37.18333333333333,0,5,132,122,1
1,2.18,9.75,0,5,249,246,0
2,2.3,7.05,0,5,142,41,0
1,1.1,5.733333333333333,0,5,163,164,0
1,4.25,10.033333333333333,0,5,88,79,0
1,10.11,20.233333333333334,0,5,48,47,1
1,1.4,5.666666666666667,0,5,186,249,0
1,2.5,10.25,0,5,249,162,0
1,2.16,10.083333333333334,0,5,237,239,0
1,9.25,37.38333333333333,0,5,158,14,1
1,0.91,6.033333333333333,0,5,161,50,0
1,8.32,29.15,0,5,114,102,1
1,9.64,23.0,0,5,138,239,1
1,2.01,10.416666666666666,0,5,90,79,0
1,4.01,13.1,23,4,79,263,0
1,2.5,11.466666666666667,0,5,79,246,0
1,1.58,11.283333333333333,0,5,239,236,0
1,0.74,4.533333333333333,0,5,263,140,0
2,1.39,7.5,0,5,234,79,0
1,0.46,4.483333333333333,0,5,79,79,0
1,1.5,8.333333333333334,0,5,162,68,0
1,2.2,10.483333333333333,0,5,164,229,0
1,7.2,17.083333333333332,0,5,138,134,1
3,1.59,6.933333333333334,0,5,48,246,0
1,5.63,28.383333333333333,0,5,237,231,1
1,6.7,27.883333333333333,0,5,211,145,1
1,0.6,1.7166666666666666,0,5,140,262,0
4,18.2,37.46666666666667,0,5,132,100,1
1,1.39,6.783333333333333,0,5,162,142,0
1,0.23,1.8333333333333333,0,5,142,163,0
1,0.88,7.033333333333333,0,5,161,186,0
1,3.09,10.633333333333333,0,5,162,158,0
1,3.82,15.95,0,5,113,143,1
1,1.6,7.366666666666666,0,5,113,186,0
1,0.71,3.9,0,5,234,79,0
1,2.77,14.533333333333333,0,5,114,50,0
1,0.66,3.783333333333333,0,5,211,148,0
1,1.28,4.316666666666666,0,5,79,170,0
1,22.84,40.916666666666664,0,5,132,13,1
1,7.2,11.75,0,5,48,244,1
1,3.29,9.55,0,5,244,243,0
1,4.53,22.866666666666667,0,5,151,137,1
1,2.8,11.983333333333333,0,5,107,142,0
1,4.43,18.816666666666666,0,5,141,223,0
1,2.05,8.683333333333334,0,5,114,164,0
1,8.65,21.4,0,5,234,160,1
1,3.54,9.033333333333333,0,5,140,79,0
1,2.4,13.283333333333333,0,5,161,249,0
1,1.04,7.233333333333333,0,5,234,233,0
1,7.63,22.05,0,5,249,74,1
1,1.62,8.8,0,5,88,231,0
1,2.09,8.016666666666667,0,5,148,164,0
1,6.9,22.05,0,5,162,167,1
1,1.1,6.733333333333333,0,5,144,125,0
1,3.54,7.166666666666667,23,4,138,223,1
1,0.88,3.816666666666667,0,5,148,79,0
1,1.25,9.383333333333333,0,5,186,230,0
1,1.08,5.416666666666667,0,5,142,143,0
3,0.96,4.15,0,5,137,224,0
1,3.45,21.933333333333334,0,5,79,48,1
1,2.39,12.05,0,5,68,144,0
1,0.8,5.266666666666667,0,5,161,164,0
1,1.87,10.783333333333333,0,5,164,158,0
1,2.53,7.3,0,5,141,79,0
2,2.54,7.983333333333333,0,5,79,162,0
1,10.01,20.216666666666665,0,5,138,238,1
1,7.7,30.583333333333332,0,5,87,37,1
2,4.2,18.216666666666665,0,5,237,166,0
4,1.34,8.75,0,5,164,230,0
1,2.01,7.783333333333333,0,5,186,50,0
2,2.35,10.25,0,5,162,239,0
3,0.78,3.35,0,5,234,164,0
1,1.18,5.6,0,5,68,90,0
1,8.16,21.133333333333333,0,5,68,244,1
1,2.26,8.2,0,5,140,137,0
2,1.16,7.783333333333333,0,5,79,45,0
2,2.0,14.733333333333333,0,5,148,113,0
1,15.01,27.683333333333334,0,5,132,89,1
1,1.53,5.25,0,5,162,107,0
4,0.71,6.05,0,5,170,233,0
1,2.07,10.4,0,5,163,262,0
1,1.02,6.5,0,5,263,75,0
1,0.72,3.466666666666667,0,5,162,237,0
1,1.8,6.283333333333333,0,5,162,236,0
1,4.7,20.116666666666667,0,5,237,255,1
2,3.7,14.766666666666667,0,5,161,261,0
1,6.4,17.65,0,5,100,41,1
1,3.59,9.266666666666667,0,5,79,140,0
1,2.25,11.583333333333334,0,5,114,246,0
1,21.2,36.983333333333334,0,5,132,237,1
1,1.1,8.116666666666667,0,5,246,230,0
1,2.9,13.533333333333333,0,5,100,144,0
1,2.4,11.466666666666667,0,5,114,13,0
1,1.9,11.1,0,5,88,79,0
1,12.07,25.933333333333334,0,5,138,143,1
1,0.42,2.6166666666666667,0,5,230,113,0
1,9.86,20.883333333333333,0,5,138,239,1
1,1.77,7.75,0,5,79,170,0
1,1.86,12.483333333333333,0,5,170,48,0
1,4.46,23.333333333333332,0,5,100,7,0
1,1.52,9.433333333333334,0,5,148,87,0
2,4.88,14.233333333333333,0,5,88,79,1
1,5.12,13.85,0,5,132,260,0
1,18.72,33.86666666666667,0,5,132,144,1
1,2.4,10.083333333333334,0,5,263,142,0
1,0.4,2.933333333333333,0,5,161,229,0
2,22.14,29.05,0,5,138,265,1
1,1.75,7.316666666666666,0,5,211,234,0
1,1.29,10.666666666666666,0,5,161,50,0
1,1.29,10.666666666666666,0,5,161,50,0
1,4.04,12.733333333333333,0,5,230,151,1
1,10.86,29.2,0,5,132,61,1
1,0.63,2.5166666666666666,0,5,246,90,0
1,3.91,22.833333333333332,0,5,25,228,0
4,1.67,10.233333333333333,0,5,24,74,0
1,2.8,10.0,0,5,229,112,0
1,0.85,5.5,0,5,237,229,0
1,11.31,21.633333333333333,0,5,138,40,1
1,1.56,9.3,0,5,164,79,0
2,2.15,10.466666666666667,0,5,163,141,0
1,3.7,13.533333333333333,0,5,162,151,0
1,2.09,16.2,0,5,48,107,0
3,3.6,11.216666666666667,0,5,79,80,0
1,3.52,13.1,0,5,144,229,0
1,1.31,6.3,0,5,164,233,0
1,0.63,4.7,0,5,114,211,0
2,1.0,3.75,0,5,48,68,0
1,0.59,3.9166666666666665,0,5,100,162,0
1,0.59,3.9166666666666665,0,5,100,162,0
1,17.88,38.1,0,5,132,100,1
1,9.35,36.81666666666667,0,5,48,37,1
1,2.25,13.6,0,5,143,263,0
2,2.25,13.716666666666667,0,5,237,163,0
2,2.25,13.716666666666667,0,5,237,163,0
2,4.29,22.083333333333332,0,5,141,186,1
1,0.75,2.183333333333333,0,5,163,161,0
1,0.42,3.7,0,5,230,50,0
1,2.58,12.566666666666666,0,5,48,141,0
1,9.1,21.233333333333334,0,5,70,90,1
1,2.11,6.616666666666666,0,5,137,232,0
2,3.66,13.916666666666666,0,5,114,49,1
1,5.78,15.766666666666667,0,5,140,209,1
1,3.21,16.9,0,5,211,97,0
1,3.0,13.55,0,5,230,263,0
1,3.77,16.933333333333334,0,5,249,141,0
1,0.44,3.8,0,5,233,162,0
1,1.28,7.433333333333334,0,5,161,233,0
1,2.02,10.616666666666667,0,5,249,261,0
1,4.51,17.6,0,5,230,13,1
1,6.37,27.316666666666666,0,5,87,85,0
1,6.37,27.316666666666666,0,5,87,85,1
1,1.62,9.2,0,5,43,164,0
5,1.93,6.233333333333333,0,5,236,170,0
4,5.44,17.8,0,5,234,151,1
1,2.87,11.683333333333334,0,5,113,65,0
1,3.97,12.116666666666667,0,5,138,92,1
1,2.62,13.1,0,5,125,230,0
2,1.04,7.016666666666667,0,5,48,246,0
2,3.42,14.916666666666666,0,5,148,80,0
1,1.0,5.616666666666666,0,5,256,256,0
1,10.6,25.716666666666665,0,5,148,7,1
1,10.63,25.966666666666665,0,5,138,239,1
1,7.62,14.283333333333333,0,5,87,263,1
1,8.58,17.783333333333335,0,5,138,233,1
2,4.11,15.616666666666667,0,5,161,232,1
2,2.71,10.666666666666666,0,5,148,170,0
1,2.3,9.733333333333333,0,5,43,246,0
2,2.86,11.816666666666666,0,5,24,163,0
1,11.49,23.633333333333333,0,5,138,230,1
1,8.4,16.933333333333334,0,5,138,236,1
2,4.74,14.166666666666666,0,5,68,238,0
1,1.15,5.366666666666666,0,5,234,114,0
4,5.28,18.333333333333332,0,5,249,262,1
1,1.77,4.666666666666667,0,5,48,90,0
1,1.5,7.466666666666667,0,5,142,161,0
1,1.6,5.916666666666667,0,5,43,238,0
1,8.76,24.116666666666667,0,5,138,166,1
1,1.62,6.333333333333333,0,5,114,261,0
1,1.79,8.683333333333334,1,5,68,162,0
1,3.06,14.8,0,5,48,140,0
1,2.78,15.316666666666666,0,5,186,148,0
1,1.62,10.133333333333333,0,5,114,148,0
2,5.24,24.133333333333333,0,5,231,236,1
1,1.8,10.85,0,5,161,143,0
1,0.44,2.8333333333333335,0,5,239,238,0
2,0.51,3.5166666666666666,0,5,170,233,0
1,0.92,4.316666666666666,0,5,107,186,0
1,1.4,7.816666666666666,0,5,186,230,0
1,2.2,9.0,0,5,230,90,0
1,0.82,2.7666666666666666,0,5,140,140,0
1,1.9,7.916666666666667,0,5,237,262,0
1,3.4,10.716666666666667,0,5,263,107,0
1,2.86,11.966666666666667,0,5,263,161,0
1,1.31,8.966666666666667,0,5,148,231,0
2,0.98,4.183333333333334,0,5,249,234,0
1,2.64,7.916666666666667,0,5,79,140,0
2,1.75,7.55,0,5,234,163,0
1,9.31,29.65,0,5,186,133,1
1,0.71,4.416666666666667,0,5,148,4,0
1,2.83,7.1,0,5,148,87,0
1,7.67,11.066666666666666,0,5,48,243,1
1,1.11,7.433333333333334,0,5,68,50,0
2,14.36,39.016666666666666,0,5,114,220,1
1,3.16,10.85,0,5,107,112,0
1,3.16,10.85,0,5,107,112,0
2,21.5,40.0,0,5,132,87,1
1,5.98,17.183333333333334,0,5,246,166,1
1,2.18,10.05,0,5,163,236,0
1,0.72,3.45,0,5,142,143,0
1,1.4,6.55,0,5,48,239,0
1,0.56,4.0,0,5,143,239,0
1,2.4,9.383333333333333,0,5,144,186,0
1,4.17,18.95,0,5,141,249,1
1,3.16,12.466666666666667,0,5,249,50,0
1,2.62,10.6,0,5,230,236,0
2,3.53,16.483333333333334,0,5,114,141,0
1,2.11,12.9,0,5,79,231,0
1,3.19,13.466666666666667,0,5,231,233,0
1,4.4,15.233333333333333,0,5,164,13,1
1,4.01,19.366666666666667,0,5,48,211,1
5,6.1,35.93333333333333,23,4,239,260,1
1,5.03,16.533333333333335,0,5,68,151,1
1,1.2,7.883333333333334,0,5,230,170,0
1,1.3,8.733333333333333,0,5,79,45,0
1,1.07,5.016666666666667,0,5,161,141,0
1,7.66,20.966666666666665,0,5,163,65,1
1,2.77,9.783333333333333,0,5,161,263,0
1,2.77,9.783333333333333,0,5,161,263,0
1,1.32,6.333333333333333,0,5,230,164,0
1,0.5,3.0833333333333335,0,5,114,79,0
1,2.89,10.233333333333333,0,5,79,229,0
1,1.58,6.533333333333333,0,5,230,239,0
1,3.4,15.05,0,5,148,100,0
4,12.9,22.5,0,5,132,19,1
1,2.23,10.45,0,5,230,43,0
1,2.23,10.45,0,5,230,238,0
1,0.63,4.783333333333333,0,5,142,143,0
1,0.64,2.8833333333333333,0,5,48,50,0
1,1.75,8.45,0,5,114,87,0
1,1.58,8.0,0,5,162,107,0
1,3.87,12.933333333333334,0,5,161,231,0
1,12.52,26.466666666666665,0,5,138,35,1
1,0.73,3.8,0,5,234,246,0
2,1.1,6.25,0,5,246,249,0
1,1.83,10.266666666666667,0,5,158,231,0
1,2.15,8.933333333333334,0,5,125,234,0
2,3.39,19.9,0,5,164,263,1
2,19.32,35.016666666666666,0,5,132,263,1
1,3.03,14.866666666666667,0,5,100,238,0
1,4.99,10.366666666666667,0,5,238,243,0
4,12.05,37.583333333333336,0,5,132,181,1
1,2.1,8.016666666666667,0,5,148,170,0
1,0.5,2.8666666666666667,0,5,263,236,0
1,1.3,6.2,0,5,246,48,0
2,0.69,3.7333333333333334,0,5,162,233,0
1,1.0,5.75,0,5,230,233,0
1,1.36,3.4,0,5,229,137,0
1,11.48,30.283333333333335,0,5,132,19,0
1,11.48,30.283333333333335,0,5,132,19,1
2,5.65,15.183333333333334,0,5,48,116,1
1,4.35,12.866666666666667,0,5,236,159,0
1,4.35,12.866666666666667,0,5,236,159,0
1,7.07,15.716666666666667,0,5,132,258,1
1,3.4,13.633333333333333,0,5,148,163,0
1,0.9,3.5,0,5,137,79,0
1,1.1,3.8833333333333333,0,5,50,246,0
1,2.02,9.433333333333334,0,5,142,263,0
1,0.87,4.7,0,5,211,113,0
5,1.2,6.633333333333334,0,5,163,141,0
5,2.28,10.216666666666667,0,5,161,68,0
1,1.13,7.45,0,5,141,236,0
2,1.51,7.666666666666667,0,5,229,164,0
1,2.65,10.933333333333334,0,5,249,88,0
1,2.06,7.3,0,5,249,13,0
1,4.76,15.583333333333334,0,5,237,211,1
1,2.92,6.8,0,5,132,216,0
2,0.02,0.15,0,5,238,151,1
1,2.26,6.85,0,5,224,148,0
1,0.5,2.2,0,5,45,87,0
1,3.28,12.533333333333333,0,5,87,249,0
1,2.99,19.016666666666666,0,5,114,48,0
1,2.8,12.4,0,5,68,230,0
2,3.65,17.466666666666665,0,5,230,41,1
1,3.15,11.9,0,5,107,141,0
1,2.73,11.5,0,5,237,74,0
1,1.77,8.183333333333334,0,5,148,261,0
1,2.1,9.533333333333333,0,5,42,74,0
1,0.6,4.016666666666667,0,5,74,41,0
2,1.3,3.533333333333333,0,5,229,262,0
3,0.6,8.933333333333334,0,5,237,237,0
1,1.24,4.733333333333333,0,5,48,142,0
3,4.33,19.516666666666666,0,5,237,41,0
1,1.25,7.416666666666667,0,5,234,158,0
1,1.55,4.166666666666667,0,5,249,186,0
2,7.29,15.116666666666667,0,5,79,74,0
2,7.29,15.116666666666667,0,5,79,74,1
2,1.21,7.666666666666667,0,5,137,186,0
1,4.1,15.616666666666667,0,5,100,261,0
1,10.25,14.566666666666666,0,5,138,162,1
1,6.92,18.816666666666666,0,5,132,130,0
1,6.92,18.816666666666666,0,5,132,130,1
1,3.17,15.166666666666666,0,5,68,141,0
1,1.53,8.45,0,5,249,79,0
3,1.02,5.5,0,5,125,144,0
1,25.77,38.38333333333333,0,5,170,265,1
1,2.89,8.733333333333333,0,5,151,48,0
1,2.45,12.0,0,5,68,148,0
1,1.85,8.283333333333333,0,5,138,70,0
1,1.8,8.65,0,5,114,87,0
1,1.35,6.516666666666667,0,5,114,107,0
1,9.2,14.95,0,5,138,79,1
1,10.95,25.816666666666666,0,5,138,142,1
1,9.5,22.95,0,5,138,151,1
1,3.8,20.1,0,5,148,246,0
3,2.22,8.516666666666667,0,5,164,144,0
1,9.87,23.783333333333335,0,5,239,65,1
1,4.21,17.033333333333335,0,5,230,42,1
1,1.62,9.333333333333334,0,5,249,148,0
1,6.07,19.4,0,5,79,238,1
1,1.56,11.133333333333333,0,5,161,100,0
1,1.53,5.766666666666667,0,5,162,263,0
1,1.37,8.733333333333333,0,5,186,48,0
1,1.54,7.35,0,5,48,246,0
1,0.84,5.533333333333333,0,5,163,237,0
1,0.7,4.616666666666666,0,5,230,162,0
1,3.47,16.65,0,5,144,49,1
1,1.03,6.433333333333334,0,5,255,80,0
1,4.33,20.416666666666668,0,5,249,140,1
5,2.36,7.75,0,5,48,239,0
5,2.35,7.75,1,5,48,238,0
1,1.35,6.816666666666666,0,5,141,262,0
2,2.0,10.283333333333333,0,5,68,50,0
1,1.87,12.533333333333333,0,5,50,229,0
1,0.5,4.333333333333333,0,5,164,234,0
3,2.6,11.45,0,5,114,163,0
1,1.1,5.6,0,5,230,170,0
1,2.4,12.55,0,5,161,143,0
1,2.9,14.033333333333333,0,5,163,224,0
1,9.73,17.583333333333332,0,5,138,49,1
1,2.12,10.133333333333333,0,5,144,186,0
1,4.41,18.116666666666667,0,5,107,75,0
1,3.4,11.266666666666667,0,5,164,263,0
2,13.88,29.283333333333335,0,5,132,64,1
1,18.24,31.0,0,5,132,42,1
1,2.28,12.816666666666666,0,5,186,79,0
1,2.44,12.383333333333333,0,5,142,262,0
1,1.1,5.233333333333333,0,5,263,140,0
1,21.43,36.28333333333333,0,5,132,116,1
1,1.03,11.216666666666667,0,5,163,170,0
1,2.46,6.05,0,5,263,170,0
1,0.98,5.433333333333334,0,5,164,233,0
2,0.62,2.6166666666666667,0,5,170,162,0
1,1.28,9.8,0,5,161,229,0
1,18.0,38.63333333333333,0,5,132,230,1
1,3.6,14.083333333333334,0,5,163,7,0
1,4.85,12.433333333333334,0,5,50,152,1
1,0.8,2.716666666666667,0,5,162,237,0
1,1.6,7.15,0,5,79,170,0
1,1.6,7.866666666666666,0,5,170,163,0
3,1.26,6.983333333333333,0,5,144,45,0
2,3.63,16.983333333333334,0,5,79,142,1
1,0.49,3.2333333333333334,0,5,148,79,0
1,3.34,10.966666666666667,0,5,170,262,0
1,1.68,10.316666666666666,0,5,144,90,0
1,2.95,21.05,0,5,249,162,1
4,1.1,8.0,0,5,144,209,0
2,2.6,12.266666666666667,0,5,237,238,0
1,6.8,23.2,0,5,186,25,1
1,1.3,7.116666666666666,0,5,230,48,0
1,8.5,20.233333333333334,0,5,138,36,1
1,0.6,6.0,0,5,158,249,0
1,3.2,19.133333333333333,0,5,148,37,1
1,1.33,6.966666666666667,0,5,114,107,0
2,2.39,10.166666666666666,0,5,114,48,0
1,0.81,6.533333333333333,0,5,162,164,0
1,1.46,8.383333333333333,0,5,249,45,0
1,2.88,15.95,0,5,79,230,0
1,7.33,15.516666666666667,0,5,230,244,1
1,1.26,9.5,0,5,162,162,0
1,1.46,11.05,0,5,50,162,0
1,2.5,9.583333333333334,0,5,114,161,0
2,0.77,3.6166666666666667,0,5,48,48,0
1,1.42,9.516666666666667,0,5,186,233,0
1,1.4,5.85,0,5,234,162,0
1,1.45,5.933333333333334,0,5,246,158,0
1,1.16,2.7666666666666666,0,5,249,90,0
1,1.79,6.083333333333333,0,5,246,50,0
1,12.41,34.25,0,5,231,162,1
1,0.7,3.216666666666667,0,5,48,68,0
1,4.07,13.233333333333333,0,5,211,141,0
1,2.56,13.066666666666666,0,5,113,162,0
1,6.26,27.433333333333334,0,5,68,83,1
1,5.7,15.716666666666667,0,5,107,52,1
3,18.29,40.06666666666667,0,5,132,186,1
2,7.97,25.483333333333334,0,5,43,213,1
1,0.8,5.266666666666667,0,5,114,249,0
1,2.0,13.816666666666666,0,5,249,4,0
1,1.0,5.266666666666667,0,5,79,107,0
1,4.9,16.633333333333333,0,5,164,97,1
1,3.63,16.633333333333333,0,5,142,211,0
1,1.84,7.216666666666667,0,5,114,170,0
1,2.0,12.65,0,5,163,246,0
1,1.16,6.916666666666667,0,5,230,68,0
1,2.16,10.016666666666667,0,5,161,263,0
1,9.3,46.766666666666666,0,5,100,265,1
1,2.8,13.416666666666666,0,5,190,89,0
1,4.1,24.883333333333333,0,5,249,263,1
1,0.65,4.183333333333334,0,5,113,211,0
1,3.73,16.6,0,5,161,261,0
1,2.08,9.233333333333333,0,5,142,263,0
1,1.0,6.75,0,5,164,233,0
2,3.7,16.55,0,5,161,41,1
1,0.59,5.25,0,5,263,236,0
1,0.5,4.25,0,5,79,148,0
1,2.31,11.7,0,5,249,50,0
1,3.64,8.2,0,5,138,138,0
1,15.02,33.28333333333333,0,5,132,145,1
1,6.6,13.4,0,5,132,76,0
1,2.41,11.616666666666667,0,5,68,239,0
1,1.05,4.7,0,5,166,74,0
1,3.69,17.05,0,5,164,263,0
2,1.0,4.766666666666667,0,5,144,87,0
1,5.81,22.433333333333334,0,5,249,74,1
1,2.03,8.616666666666667,0,5,48,113,0
1,1.4,5.466666666666667,0,5,231,249,0
1,2.1,9.583333333333334,0,5,231,232,0
1,5.93,23.75,0,5,68,49,1
1,2.43,10.866666666666667,0,5,234,237,0
1,21.68,32.18333333333333,0,5,138,265,1
1,2.6,17.433333333333334,0,5,249,162,0
1,1.8,7.933333333333334,0,5,249,209,0
1,1.0,5.6,0,5,246,100,0
1,2.9,11.366666666666667,0,5,246,231,0
1,0.25,1.1833333333333333,0,5,230,230,0
1,2.47,11.716666666666667,0,5,50,233,0
1,3.56,7.716666666666667,0,5,233,209,0
1,1.23,8.033333333333333,0,5,79,148,0
1,1.67,7.7,0,5,237,164,0
1,3.1,11.233333333333333,0,5,164,143,0
1,3.26,13.316666666666666,0,5,239,162,0
1,1.47,7.483333333333333,0,5,239,163,0
1,1.14,8.4,0,5,249,79,0
1,2.06,9.316666666666666,0,5,79,68,0
2,1.72,8.533333333333333,0,5,158,231,0
1,0.44,3.283333333333333,0,5,163,48,0
1,3.97,14.55,0,5,170,151,0
1,0.39,3.716666666666667,0,5,151,151,0
1,0.39,3.716666666666667,0,5,151,151,0
1,0.82,5.016666666666667,0,5,48,161,0
1,1.34,8.366666666666667,0,5,234,246,0
1,1.82,10.233333333333333,0,5,158,211,0
3,1.9,6.883333333333334,0,5,230,68,0
2,3.39,15.6,0,5,234,231,0
1,3.0,12.35,0,5,234,142,0
1,1.7,5.766666666666667,0,5,234,48,0
1,0.7,3.6166666666666667,0,5,237,141,0
1,2.4,9.733333333333333,0,5,237,48,0
1,1.3,9.566666666666666,0,5,163,229,0
1,0.5,3.466666666666667,0,5,163,48,0
1,4.45,20.366666666666667,0,5,163,7,1
1,2.8,18.533333333333335,0,5,161,236,1
1,1.34,7.716666666666667,0,5,163,141,0
1,2.05,12.466666666666667,0,5,137,158,0
1,2.89,12.483333333333333,0,5,209,90,0
1,3.5,15.133333333333333,0,5,107,262,0
1,9.1,28.733333333333334,0,5,237,70,1
3,1.22,9.883333333333333,0,5,161,50,0
1,10.14,38.166666666666664,0,5,138,218,1
1,9.8,24.116666666666667,0,5,138,230,1
1,1.4,12.383333333333333,0,5,234,48,0
1,1.7,10.2,0,5,230,229,0
1,3.67,15.066666666666666,0,5,137,239,0
2,1.6,7.15,0,5,230,68,0
3,0.6,3.1333333333333333,0,5,164,90,0
1,1.13,19.5,0,5,161,164,0
1,1.05,6.416666666666667,0,5,234,158,0
1,6.45,27.583333333333332,0,5,249,61,1
1,1.5,6.9,0,5,170,79,0
1,5.5,22.766666666666666,0,5,209,246,1
1,0.85,4.716666666666667,0,5,239,239,0
1,1.75,6.533333333333333,0,5,161,236,0
1,0.87,5.3,0,5,249,113,0
1,1.66,8.033333333333333,0,5,164,141,0
1,1.93,11.0,0,5,186,224,0
1,2.28,12.616666666666667,0,5,163,90,0
1,4.0,21.383333333333333,0,5,186,262,1
1,4.49,11.55,0,5,148,263,0
4,1.88,11.85,0,5,239,151,0
5,2.11,11.1,0,5,163,68,0
5,1.13,4.45,0,5,246,186,0
5,3.7,16.383333333333333,0,5,48,145,1
1,1.1,5.95,0,5,79,224,0
1,0.84,4.05,0,5,90,79,0
1,0.84,4.05,0,5,90,79,0
1,1.13,7.05,0,5,239,236,0
1,2.36,15.166666666666666,0,5,164,125,0
2,3.12,12.966666666666667,0,5,48,211,0
1,2.27,11.333333333333334,0,5,68,125,0
1,0.77,3.783333333333333,0,5,158,113,0
2,9.56,17.45,23,4,246,127,1
2,1.49,6.466666666666667,0,5,249,107,0
1,2.4,13.216666666666667,0,5,234,50,0
1,3.53,10.366666666666667,0,5,48,151,0
1,0.64,3.716666666666667,0,5,234,186,0
1,1.96,11.933333333333334,0,5,170,68,0
1,1.96,11.933333333333334,0,5,170,68,0
1,0.7,5.7,0,5,161,48,0
2,1.61,7.066666666666666,0,5,263,238,0
2,0.96,3.9166666666666665,0,5,237,237,0
1,1.8,6.95,0,5,164,114,0
1,1.45,8.0,0,5,230,107,0
1,5.14,22.416666666666668,0,5,79,106,1
1,1.24,8.3,0,5,48,229,0
1,3.32,11.75,0,5,107,236,0
1,3.19,10.916666666666666,0,5,263,145,0
6,19.09,37.43333333333333,0,5,132,26,1
1,5.58,16.35,0,5,249,75,1
1,0.92,5.0,0,5,113,79,0
1,4.24,10.85,0,5,79,263,0
1,9.2,13.883333333333333,0,5,138,162,1
1,2.0,12.116666666666667,0,5,249,209,0
1,1.15,5.4,0,5,249,186,0
1,0.82,3.9,0,5,166,116,0
1,0.99,3.8,0,5,107,162,0
1,0.02,0.1,0,5,107,107,0
1,0.02,0.1,0,5,107,107,1
1,3.45,11.95,0,5,107,263,0
1,1.35,6.25,0,5,249,68,0
1,3.01,17.116666666666667,0,5,246,4,0
2,1.49,8.216666666666667,0,5,230,90,0
1,1.65,7.616666666666666,0,5,246,234,0
2,21.57,42.416666666666664,0,5,132,261,1
1,0.49,2.433333333333333,0,5,79,79,0
1,1.0,6.65,0,5,100,161,0
1,2.34,6.583333333333333,0,5,107,141,0
2,0.98,2.55,0,5,79,170,0
2,2.11,7.616666666666666,0,5,170,236,0
1,3.46,9.933333333333334,0,5,263,107,0
1,10.02,29.416666666666668,0,5,48,127,1
1,5.91,16.416666666666668,0,5,230,87,1
1,4.4,15.133333333333333,0,5,161,232,0
1,10.14,22.633333333333333,0,5,138,239,1
1,3.4,14.516666666666667,0,5,161,4,0
1,0.9,5.333333333333333,0,5,79,107,0
1,1.91,7.316666666666666,0,5,237,75,0
1,1.6,6.816666666666666,0,5,164,163,0
1,1.0,6.833333333333333,0,5,163,230,0
1,18.84,78.2,0,5,138,265,1
1,0.99,4.116666666666666,0,5,249,125,0
2,0.58,7.466666666666667,0,5,163,48,0
2,1.51,5.0,0,5,79,137,0
1,2.42,10.916666666666666,0,5,114,100,0
1,1.21,7.416666666666667,0,5,231,79,0
1,0.64,4.916666666666667,0,5,246,68,0
1,4.91,14.1,0,5,246,87,1
1,0.8,5.833333333333333,0,5,148,79,0
1,2.23,11.35,0,5,249,87,0
1,2.43,10.933333333333334,0,5,261,90,0
1,1.93,7.616666666666666,0,5,90,163,0
1,4.1,18.566666666666666,0,5,249,238,1
1,1.0,5.566666666666666,0,5,48,164,0
2,3.13,15.416666666666666,0,5,234,143,0
2,3.13,15.416666666666666,0,5,234,143,0
2,1.35,5.8,0,5,144,79,0
1,2.61,12.083333333333334,0,5,48,79,0
2,3.49,19.016666666666666,0,5,263,230,0
1,5.65,18.05,0,5,231,262,1
1,1.95,8.25,0,5,237,239,0
1,0.41,1.6666666666666667,0,5,68,48,0
1,3.38,17.433333333333334,0,5,249,239,0
1,2.36,12.716666666666667,0,5,48,237,0
1,0.45,1.65,0,5,229,233,0
1,8.83,25.816666666666666,0,5,186,243,1
1,2.29,13.933333333333334,0,5,158,107,0
1,3.0,27.733333333333334,0,5,158,43,1
1,1.41,6.683333333333334,0,5,237,143,0
1,2.43,8.066666666666666,0,5,162,249,0
1,1.45,6.0,0,5,113,137,0
1,3.42,18.3,0,5,4,65,0
1,0.82,3.8333333333333335,0,5,236,236,0
1,1.03,3.8333333333333335,23,4,43,236,0
1,2.38,9.216666666666667,0,5,234,231,0
1,2.21,11.8,0,5,148,164,0
1,3.8,20.95,0,5,186,112,1
1,6.18,19.933333333333334,0,5,238,113,1
2,0.74,6.366666666666666,0,5,249,114,0
3,4.47,17.3,0,5,249,239,1
1,9.6,29.033333333333335,0,5,100,61,1
1,0.41,1.95,0,5,170,170,0
2,2.29,12.3,0,5,249,48,0
2,0.9,3.3333333333333335,0,5,48,68,0
1,6.1,24.683333333333334,0,5,237,157,1
1,4.01,15.233333333333333,0,5,90,238,0
1,3.52,13.233333333333333,0,5,143,116,0
1,2.11,7.25,0,5,137,141,0
1,4.51,16.066666666666666,0,5,255,40,0
2,8.6,14.0,0,5,138,170,1
1,2.21,10.8,0,5,162,143,0
2,3.18,14.883333333333333,0,5,142,90,0
1,2.75,10.483333333333333,0,5,230,236,0
1,2.51,15.0,0,5,68,163,0
1,2.73,10.25,0,5,48,125,0
1,1.31,6.833333333333333,0,5,41,42,0
1,5.41,17.583333333333332,0,5,230,25,1
1,1.3,6.85,0,5,231,148,0
1,0.48,1.6666666666666667,0,5,7,7,0
1,7.7,14.75,0,5,138,140,1
2,2.66,15.85,0,5,211,162,0
1,1.14,7.633333333333334,0,5,164,230,0
4,1.59,15.4,0,5,114,158,0
1,3.0,13.15,0,5,186,239,0
1,0.5,2.066666666666667,0,5,161,162,0
1,2.3,8.366666666666667,0,5,163,107,0
1,0.3,1.4666666666666666,0,5,164,164,0
1,9.2,18.233333333333334,0,5,138,141,1
1,0.9,5.616666666666666,0,5,233,161,0
1,2.6,13.166666666666666,0,5,186,4,0
1,0.83,4.2,0,5,148,4,0
1,1.56,5.883333333333334,0,5,113,125,0
1,2.8,12.983333333333333,0,5,48,79,0
1,1.55,6.9,0,5,249,164,0
1,1.03,9.666666666666666,0,5,161,48,0
1,4.17,14.283333333333333,0,5,4,141,1
1,1.18,7.55,0,5,186,163,0
1,1.02,4.483333333333333,0,5,166,116,0
2,1.53,13.3,0,5,170,68,0
1,1.74,7.516666666666667,0,5,249,209,0
3,2.3,9.3,0,5,141,224,0
1,2.55,7.066666666666666,0,5,233,263,0
1,1.19,6.65,0,5,164,246,0
2,0.52,2.0166666666666666,0,5,107,137,0
1,17.63,39.38333333333333,0,5,132,230,1
1,0.69,4.55,0,5,144,45,0
1,2.51,12.25,0,5,249,161,0
1,3.86,11.366666666666667,0,5,87,79,0
1,2.0,11.933333333333334,0,5,114,87,0
1,4.09,10.683333333333334,0,5,261,107,0
3,3.05,12.616666666666667,0,5,237,68,0
3,3.56,22.233333333333334,0,5,68,4,0
2,1.11,7.083333333333333,0,5,100,230,0
1,3.78,15.116666666666667,0,5,48,75,0
1,2.18,8.533333333333333,0,5,142,151,0
1,2.31,7.65,0,5,79,162,0
1,0.68,3.5833333333333335,0,5,230,163,0
1,3.79,18.05,0,5,107,141,0
2,0.72,2.316666666666667,0,5,79,148,0
1,2.23,10.883333333333333,0,5,234,237,0
1,1.82,8.283333333333333,0,5,163,234,0
1,16.94,34.083333333333336,0,5,132,141,1
1,5.0,20.633333333333333,0,5,249,37,1
1,3.64,17.116666666666667,0,5,230,231,0
1,1.21,9.216666666666667,0,5,211,209,0
1,0.88,4.85,0,5,211,231,0
1,1.21,4.833333333333333,0,5,158,90,0
1,2.0,9.016666666666667,0,5,158,48,0
1,1.47,6.5,0,5,48,246,0
1,0.65,4.483333333333333,0,5,211,125,0
1,1.9,8.533333333333333,0,5,237,239,0
1,1.15,7.866666666666666,0,5,234,79,0
1,2.88,13.966666666666667,0,5,158,230,0
1,2.68,8.916666666666666,0,5,114,230,0
1,1.59,9.6,0,5,186,233,0
2,0.75,7.0,0,5,114,79,0
2,1.06,5.083333333333333,0,5,79,137,0
1,1.6,5.583333333333333,0,5,229,164,0
1,0.92,3.933333333333333,0,5,107,137,0
1,1.94,11.866666666666667,0,5,231,79,0
1,2.0,10.15,0,5,249,231,0
1,7.06,26.95,0,5,249,262,1
3,0.7,3.45,0,5,230,48,0
1,4.44,22.366666666666667,0,5,246,262,1
1,1.33,5.733333333333333,0,5,162,170,0
1,2.56,9.333333333333334,0,5,144,100,0
1,12.46,41.45,0,5,230,61,1
1,1.27,5.983333333333333,0,5,234,114,0
1,0.36,1.25,0,5,114,113,0
1,1.21,7.833333333333333,0,5,161,140,0
1,0.93,5.0,0,5,186,161,0
2,6.1,25.733333333333334,0,5,114,188,1
1,4.8,20.533333333333335,0,5,79,61,1
1,2.19,20.566666666666666,0,5,48,113,0
1,2.64,13.116666666666667,0,5,161,151,0
1,11.95,23.3,0,5,138,181,1
1,2.38,9.6,0,5,42,75,0
1,1.16,4.016666666666667,0,5,186,249,0
2,0.75,4.683333333333334,0,5,230,68,0
1,0.6,5.183333333333334,0,5,249,113,0
1,1.06,6.033333333333333,0,5,113,90,0
6,1.16,3.3,0,5,249,68,0
1,9.5,17.483333333333334,0,5,132,77,1
1,2.6,11.95,0,5,43,113,0
1,1.04,5.416666666666667,0,5,164,230,0
1,2.0,8.133333333333333,0,5,148,170,0
1,1.39,6.983333333333333,0,5,79,231,0
1,1.07,4.933333333333334,0,5,114,234,0
1,3.85,16.45,0,5,48,41,1
2,1.55,6.7,23,4,238,166,0
2,2.03,10.25,0,5,166,143,0
4,2.35,13.333333333333334,0,5,114,170,0
1,0.9,7.45,0,5,164,233,0
2,1.1,5.566666666666666,0,5,229,164,0
1,12.75,16.033333333333335,0,5,138,51,1
1,2.16,12.5,0,5,142,263,0
1,1.49,9.95,0,5,161,68,0
2,19.16,43.833333333333336,0,5,132,230,1
1,6.45,30.233333333333334,0,5,249,141,1
2,4.92,26.333333333333332,0,5,163,42,1
1,0.36,1.6833333333333333,0,5,74,74,0
1,10.0,19.883333333333333,0,5,138,79,1
1,4.3,12.766666666666667,0,5,148,36,0
1,1.3,5.65,0,5,234,170,0
1,1.31,5.55,0,5,237,141,0
1,4.18,16.05,0,5,4,80,1
1,2.9,13.8,0,5,231,52,0
1,4.06,17.816666666666666,0,5,114,255,1
4,2.2,11.516666666666667,0,5,114,162,0
1,2.45,10.366666666666667,0,5,148,162,0
1,9.87,20.85,0,5,138,68,1
1,3.0,15.766666666666667,0,5,158,162,0
1,1.5,10.7,0,5,162,163,0
1,19.3,40.55,0,5,132,152,1
2,10.64,22.216666666666665,0,5,234,133,1
1,0.8,6.516666666666667,0,5,170,161,0
3,3.58,19.216666666666665,0,5,113,142,0
1,10.31,22.7,0,5,132,56,1
2,1.23,8.033333333333333,0,5,158,144,0
1,1.28,9.316666666666666,0,5,237,143,0
4,0.54,3.566666666666667,0,5,237,230,0
1,2.26,11.45,0,5,230,90,0
1,7.04,15.383333333333333,0,5,87,141,1
1,1.63,13.683333333333334,0,5,140,236,0
3,1.56,10.65,0,5,230,234,0
1,1.06,4.233333333333333,0,5,162,170,0
1,1.07,4.35,0,5,237,236,0
1,6.1,23.716666666666665,0,5,249,62,1
1,1.62,7.616666666666666,0,5,239,230,0
1,2.05,8.266666666666667,0,5,68,144,0
4,1.79,9.333333333333334,0,5,100,158,0
1,1.61,12.433333333333334,0,5,48,229,0
1,1.17,6.133333333333334,0,5,186,234,0
1,1.72,7.583333333333333,0,5,234,79,0
1,2.38,11.733333333333333,0,5,107,48,0
1,1.01,6.3,0,5,186,48,0
2,1.2,5.666666666666667,0,5,142,48,0
5,1.63,8.666666666666666,0,5,263,238,0
1,0.42,3.8333333333333335,0,5,229,229,0
1,0.42,3.8333333333333335,0,5,229,229,0
1,2.97,12.733333333333333,0,5,107,87,0
1,2.52,11.066666666666666,0,5,125,107,0
1,1.5,8.7,0,5,234,164,0
1,0.65,2.9,0,5,113,234,0
1,1.76,7.066666666666666,0,5,114,48,0
1,3.67,16.283333333333335,0,5,48,79,0
1,0.3,1.4333333333333333,0,5,79,114,0
1,1.24,5.683333333333334,0,5,114,232,0
1,0.89,3.4833333333333334,0,5,229,137,0
1,6.3,21.833333333333332,0,5,90,62,1
1,0.9,4.783333333333333,0,5,107,170,0
1,1.3,7.333333333333333,0,5,163,237,0
1,2.9,11.783333333333333,0,5,237,41,0
1,2.9,5.983333333333333,0,5,74,223,0
1,0.8,4.516666666666667,0,5,230,48,0
1,1.66,5.433333333333334,0,5,141,263,0
2,1.5,7.7,0,5,211,113,0
2,2.2,9.733333333333333,0,5,164,141,0
1,0.88,3.55,0,5,48,142,0
2,7.2,15.483333333333333,0,5,48,244,1
1,3.11,12.95,0,5,48,107,0
1,1.4,6.266666666666667,0,5,161,48,0
4,4.08,23.683333333333334,0,5,230,45,1
1,11.8,39.516666666666666,0,5,181,41,1
1,1.52,8.15,0,5,164,246,0
1,1.26,10.15,0,5,142,230,0
5,1.92,6.75,0,5,48,158,0
1,5.84,24.533333333333335,0,5,234,166,1
1,3.1,15.183333333333334,0,5,162,7,0
1,1.3,6.25,0,5,246,234,0
1,0.58,3.3833333333333333,0,5,48,48,0
1,6.33,13.133333333333333,0,5,138,146,1
1,0.86,4.133333333333334,0,5,186,234,0
1,3.04,15.95,0,5,186,231,0
1,2.3,16.0,0,5,100,230,0
1,2.3,16.0,0,5,100,230,0
1,3.28,25.15,0,5,161,79,1
2,0.69,4.133333333333334,0,5,249,79,0
1,2.2,8.666666666666666,0,5,231,68,0
1,0.78,4.466666666666667,0,5,113,148,0
1,3.51,16.0,0,5,162,231,0
1,4.43,19.2,0,5,114,236,1
1,25.51,31.333333333333332,0,5,132,257,1
1,1.1,7.033333333333333,0,5,163,237,0
1,4.42,12.666666666666666,0,5,209,137,1
1,6.28,23.016666666666666,0,5,211,36,1
1,4.35,15.566666666666666,0,5,234,262,1
2,4.15,11.783333333333333,0,5,132,132,0
1,6.71,21.683333333333334,0,5,4,190,1
1,0.83,6.15,0,5,164,234,0
1,0.83,6.133333333333334,0,5,161,230,0
2,17.38,34.93333333333333,0,5,132,113,1
1,2.09,11.566666666666666,0,5,234,48,0
1,3.38,9.116666666666667,0,5,256,261,1
2,1.97,8.433333333333334,0,5,246,125,0
1,3.1,13.316666666666666,0,5,230,151,0
1,2.6,9.433333333333334,0,5,230,239,0
1,3.5,15.033333333333333,0,5,239,233,0
1,2.9,9.583333333333334,0,5,229,79,0
1,0.6,4.316666666666666,0,5,148,79,0
1,2.32,8.25,0,5,163,246,0
1,1.7,5.816666666666666,0,5,125,186,0
1,1.43,5.983333333333333,0,5,142,50,0
1,1.9,11.716666666666667,0,5,186,229,0
2,1.13,7.7,0,5,158,249,0
1,0.26,2.75,0,5,237,237,0
1,2.29,9.683333333333334,0,5,237,164,0
1,2.29,9.683333333333334,0,5,237,164,0
1,0.38,2.75,0,5,162,229,0
1,1.65,9.85,0,5,249,87,0
1,4.9,18.016666666666666,0,5,249,112,1
4,1.9,14.333333333333334,0,5,80,225,0
1,0.53,5.383333333333334,0,5,79,79,0
1,1.26,10.833333333333334,0,5,114,249,0
1,1.77,11.5,0,5,211,232,0
1,8.58,17.683333333333334,0,5,138,140,1
1,2.01,11.75,0,5,151,263,0
1,1.64,9.016666666666667,0,5,229,186,0
1,1.64,9.016666666666667,0,5,229,186,0
1,2.04,6.866666666666666,0,5,162,140,0
1,2.69,13.85,0,5,114,13,0
1,8.5,28.683333333333334,0,5,142,196,1
1,2.4,7.183333333333334,0,5,148,162,0
1,4.58,18.9,0,5,148,50,0
1,1.36,6.516666666666667,0,5,237,239,0
1,2.72,11.266666666666667,0,5,186,231,0
1,0.3,1.7833333333333334,0,5,68,48,0
2,1.49,14.95,0,5,186,137,0
1,1.75,9.383333333333333,0,5,114,186,0
1,1.52,8.4,0,5,249,45,0
1,1.52,8.4,0,5,249,45,0
3,4.29,15.9,0,5,141,249,1
1,0.7,2.5833333333333335,0,5,107,164,0
1,1.07,3.9166666666666665,0,5,90,246,0
2,0.91,3.9,0,5,90,68,0
1,6.6,25.433333333333334,0,5,246,255,1
1,6.3,15.466666666666667,0,5,48,244,1
2,1.59,11.1,0,5,113,234,0
1,1.62,9.383333333333333,0,5,230,170,0
1,1.42,6.333333333333333,0,5,186,234,0
1,10.62,22.533333333333335,0,5,138,163,1
1,1.7,8.116666666666667,0,5,237,239,0
1,2.2,6.883333333333334,0,5,170,141,0
1,18.46,37.083333333333336,0,5,132,48,1
1,1.13,5.833333333333333,0,5,107,162,0
1,1.0,7.383333333333334,0,5,231,261,0
1,1.0,9.133333333333333,0,5,231,87,0
1,3.14,12.133333333333333,0,5,158,48,0
1,1.24,10.916666666666666,0,5,48,162,0
1,1.3,4.8,0,5,114,90,0
1,0.6,4.833333333333333,0,5,234,90,0
1,1.5,6.683333333333334,0,5,249,100,0
1,2.58,11.433333333333334,0,5,142,68,0
